create database Football_Ticket_Booking_System

CREATE TABLE Users (
    user_id serial,
    full_name varchar(100) not null,
    email varchar(250) not null,
    role varchar(150) default 'Football Fan',
    phone_number varchar(20),

   primary key(user_id),
   unique(email),
   check(role in ('Ticket Manager','Football Fan'))
);


CREATE TABLE Matches (
    match_id serial primary key,
    fixture varchar(300) not null,
    tournament_category varchar(200) not null,
    base_ticket_price decimal(10,2) not null,
    match_status varchar(200) not null,

    check(match_status in ('Available','Selling Fast','Sold Out','Postponed'))
);


CREATE TABLE Bookings (
    booking_id serial primary key,
    user_id int not null references users (user_id),
    match_id int not null references matches (match_id),
    seat_number varchar(30),
    payment_status varchar(50),
    total_cost decimal(10,2) not null,

    unique (match_id, seat_number),
    check(payment_status in ('Pending','Confirmed','Cancelled','Refunded')),
    check(total_cost >= 0) 
);


-- DATA SEEDING: INSERT SAMPLE DATA INTO USERS
INSERT INTO Users (user_id, full_name, email, role, phone_number) VALUES
(1, 'Tanvir Rahman', 'tanvir@mail.com', 'Football Fan', '+8801711111111'),
(2, 'Asif Haque', 'asif@mail.com', 'Football Fan', '+8801722222222'),
(3, 'Sajjad Rahman', 'sajjad@mail.com', 'Ticket Manager', '+8801733333333'),
(4, 'Jannat Ara', 'jannat@mail.com', 'Football Fan', NULL);


INSERT INTO Matches (match_id, fixture, tournament_category, base_ticket_price, match_status) VALUES
(101, 'Real Madrid vs Barcelona', 'Champions League', 150.00, 'Available'),
(102, 'Man City vs Liverpool', 'Premier League', 120.00, 'Selling Fast'),
(103, 'Bayern Munich vs PSG', 'Champions League', 130.00, 'Available'),
(104, 'AC Milan vs Inter Milan', 'Serie A', 90.00, 'Sold Out'),
(105, 'Juventus vs Roma', 'Serie A', 80.00, 'Available');


INSERT INTO Bookings (booking_id, user_id, match_id, seat_number, payment_status, total_cost) VALUES
(501, 1, 101, 'A-12', 'Confirmed', 150.00),
(502, 1, 102, 'B-04', 'Confirmed', 120.00),
(503, 2, 101, 'A-13', 'Confirmed', 150.00),
(504, 2, 101, NULL, NULL, 150.00),
(505, 3, 102, 'C-20', 'Pending', 120.00);


-- 1...
select match_id, fixture, round(base_ticket_price) as base_ticket_price
from matches
where match_status = 'Available' and tournament_category = 'Champions League'


-- 2.............
select user_id, full_name, email from users
where full_name ilike 'Tanvir%'
or full_name ilike '%Haque%'


-- 3......
select booking_id,user_id,match_id,
  coalesce(payment_status, 'Action Required') as systematic_status
from bookings
where payment_status is null;


-- 4......
select booking_id, full_name, fixture, 
  round(total_cost) as total_cost
  from bookings as b
inner join users as s on b.user_id= s.user_id
inner join matches as m on  b.match_id = m.match_id

-- 5.....
select u.user_id, u.full_name, b.booking_id from users as u
left join bookings as b on b.user_id = u.user_id;


-- 6....
select booking_id, match_id, round(total_cost) as total_cost from bookings
where total_cost > (select avg(total_cost) from bookings)


-- 7...........
select match_id, fixture,
  round(base_ticket_price) as base_ticket_price
  from matches
order by base_ticket_price desc limit 2 offset 1;